{
  "swagger" : "2.0",
  "info" : {
    "title" : "RestToOracleJDBC",
    "version" : "1.0.0",
    "description" : "RestToOracleJDBC"
  },
  "paths" : {
    "/employees" : {
      "post" : {
        "operationId" : "postEmployees",
        "responses" : {
          "200" : {
            "description" : "The operation was successful."
          }
        },
        "consumes" : [ "application/json" ],
        "produces" : [ "application/json" ],
        "description" : "Insert a employees",
        "parameters" : [ {
          "name" : "body",
          "in" : "body",
          "schema" : {
            "$ref" : "#/definitions/Employees"
          },
          "description" : "employees",
          "required" : true
        } ]
      },
      "get" : {
        "operationId" : "getEmployees",
        "responses" : {
          "200" : {
            "description" : "The operation was successful.",
            "schema" : {
              "type" : "string"
            }
          }
        },
        "produces" : [ "application/json" ],
        "description" : "Retrieve employees"
      }
    }
  },
  "basePath" : "/resttooraclejdbc/v1",
  "definitions" : {
    "Employees" : {
      "type" : "object",
      "properties" : {
        "PrimaryKey" : {
          "type" : "integer"
        },
        "FirstName" : {
          "type" : "string"
        },
        "LastName" : {
          "type" : "string"
        },
        "Country" : {
          "type" : "string"
        }
      }
    }
  }
}